ID,Name,Dept
0,"Boonsripaisal, S",AAS
1,"Espiritu, A",AAS
2,"Uhall, M",AAS
3,"Kang, Y",AAS
4,"Park, D",AAS
5,"Compoc, K",AAS
6,"Rana, J",AAS
7,"Bright, L",AAS
8,"Coyoca, W",AAS
9,"Burgos, A",AAS
10,"Balgopal, A",AAS
11,"Desai, R",AAS
12,"Anderson, J",AAS
13,"Dowling, J",AAS
14,"Cacho, L",AAS
15,"Lira, N",AAS
16,"Ruiz, S",AAS
17,"Bhalerao, K",ABE
18,"Boone, A",ABE
19,"Zhang, Y",ABE
20,"Singh, V",ABE
21,"Grift, T",ABE
22,"Lipka, A",ABE
23,"Bhattarai, R",ABE
24,"Cooke, R",ABE
25,"Chu, M",ABE
26,"Witmer, A",ABE
27,"Green-Miller, A",ABE
28,"Harbourt, C",ABE
29,"Barnard, J",ABE
30,"Blumthal, M",ABE
31,"Rodriguez, L",ABE
32,"Wang, X",ABE
33,"Axelrod, A",ABE
34,"Chowdhary, G",ABE
35,"Takhar, P",ABE
36,"Gundersen, L",ACE
37,"Batts, R",ACE
38,"Lo, A",ACE
39,"Burnett, M",ACE
40,"Forrest, S",ACE
41,"Fernandes Tomon Avelino, A",ACE
42,"Nogueira Meirelles De Souza, M",ACE
43,"Stevens, A",ACE
44,"Ordonez Morales, P",ACE
45,"Hubbs, J",ACE
46,"Stoddard, P",ACE
47,"Lemoine, C",ACE
48,"Gundersen, C",ACE
49,"Amadu, F",ACE
50,"Ando, A",ACE
51,"Scholl, J",ACE
52,"Brazee, R",ACE
53,"Ellison, B",ACE
54,"Finnegan, A",ACE
55,"Anderson, P",ACE
56,"Crost, B",ACE
57,"Dall'Erba, S",ACE
58,"Coppess, J",ACE
59,"Myers, E",ACE
60,"Irwin, S",ACE
61,"Tremacoldi Rossi, P",ACE
62,"Goldsmith, P",ACE
63,"Moss, L",ACE
64,"Schnitkey, G",ACE
65,"Allen, S",ACE
66,"Sherrick, B",ACE
67,"Xu, Y",ACE
68,"McNamara, P",ACE
69,"Gramig, B",ACE
70,"Lyons, A",ACE
71,"Arends-Kuenning, M",ACE
72,"Nelson, C",ACE
73,"Bullock, D",ACE
74,"Onal, H",ACE
75,"Garcia, P",ACE
76,"Paulson, N",ACE
77,"Larson, E",ACE
78,"Baylis, K",ACE
79,"Winter-Nelson, A",ACE
80,"Khanna, M",ACE
81,"Smist, J",ACES
82,"Ferguson, R",ACES
83,"Emmert, J",ACES
84,"Hall, S",ADV
85,"Clifton, D",ADV
86,"Wang, Y",ADV
87,"Ren, Y",ADV
88,"Vargas, P",ADV
89,"Hitchon, J",ADV
90,"Mabry-Flynn, A",ADV
91,"Duff, B",ADV
92,"Pham, G",ADV
93,"Wirtz, J",ADV
94,"Ross, D",ADV
95,"Chambers, J",ADV
96,"Ruth, T",ADV
97,"Peacock, M",ADV
98,"Sheldon, P",ADV
99,"Raquel, S",ADV
100,"Oh, S",ADV
101,"Chung, U",ADV
102,"Maslowska, E",ADV
103,"Nelson, M",ADV
104,"Sar, S",ADV
105,"Taneja, H",ADV
106,"Ham, C",ADV
107,"Su, L",ADV
108,"Meron, S",ADV
109,"Yao, M",ADV
110,"Wise, K",ADV
111,"Woodard, B",AE
112,"Laystrom-Woodard, J",AE
113,"Merret, J",AE
114,"Chilan, C",AE
115,"Tran, H",AE
116,"Dutton, J",AE
117,"Geubelle, P",AE
118,"Langbort, C",AE
119,"Bretl, T",AE
120,"Goza, A",AE
121,"Ho, K",AE
122,"Bodony, D",AE
123,"Panerai, F",AE
124,"Aluru, N",AE
125,"Levin Fliflet, D",AE
126,"Rovey, J",AE
127,"Lembeck, M",AE
128,"Chasiotis, I",AE
129,"Waldrop, L",AE
130,"Belabbas, M",AE
131,"Elliott, G",AE
132,"Ornik, M",AE
133,"Villafane Roca, L",AE
134,"Ansell, P",AE
135,"Glumac, N",AE
136,"Panesi, M",AE
137,"Gao, G",AE
138,"James, K",AE
139,"Cencer, T",AFAS
140,"Heidbreder, J",AFAS
141,"Hill, P",AFAS
142,"Johnson, C",AFAS
143,"Simmons, J",AFAS
144,"Bailey, R",AFRO
145,"McMillion, D",AFRO
146,"McDuffie, E",AFRO
147,"Arjona, J",AFRO
148,"Meyers, J",AFRO
149,"McKee, M",AFRO
150,"Ginsburg, R",AFRO
151,"Ngumbi, E",AFRO
152,"Smith, B",AFRO
153,"Bowen, M",AFRO
154,"Hogarth, R",AFRO
155,"Cha-Jua, S",AFRO
156,"Jenkins, C",AFRO
157,"Fox, K",AFRO
158,"Patterson, W",AFRO
159,"Barnett, B",AFRO
160,"Dash, L",AFRO
161,"Nance, C",AFRO
162,"Smalls, K",AFRO
163,"Harrison, F",AFRO
164,"Nobili, M",AFST
165,"Gathogo, M",AFST
166,"Wawire, G",AFST
167,"Barro, M",AFST
168,"Cupps-Miller, H",AGCM
169,"Ochs, G",AGED
170,"Korte, D",AGED
171,"Keating, K",AGED
172,"McGrath, M",AGED
173,"Collins, J",AGED
174,"Chunoo, V",AGED
175,"Macke, T",AGED
176,"Firkins, C",AHS
177,"Raycraft, M",AHS
178,"Lyons, S",AHS
179,"Rhodes, D",AHS
180,"Klebek, C",AHS
181,"Graber, K",AHS
182,"Olson, J",AHS
183,"Aldunate, R",AHS
184,"Hays, K",AHS
185,"Offenstein, T",AHS
186,"Thompson, M",AHS
187,"Escobar, R",AIS
188,"Soto, S",AIS
189,"Maldonado, K",AIS
190,"Parrett, D",ANSC
191,"Cardoso, F",ANSC
192,"Dilger, A",ANSC
193,"Ellis, M",ANSC
194,"Fischer-Brown, A",ANSC
195,"Kline, K",ANSC
196,"Koelkebeck, K",ANSC
197,"Miller, D",ANSC
198,"Parsons, C",ANSC
199,"Hurley, W",ANSC
200,"Allen, C",ANSC
201,"Klehm, B",ANSC
202,"Schneider, A",ANSC
203,"Henley, P",ANSC
204,"Shike, D",ANSC
205,"Dilger, R",ANSC
206,"Loor, J",ANSC
207,"McCann, J",ANSC
208,"Knox, R",ANSC
209,"Novakofski, J",ANSC
210,"Richardson, S",ANSC
211,"Hagstrom, D",ANSC
212,"Jones-Hamlow, K",ANSC
213,"Evans, K",ANSC
214,"Ade, E",ANSC
215,"Suarez, A",ANSC
216,"Dean, M",ANSC
217,"Drackley, J",ANSC
218,"Gaskins, H",ANSC
219,"McKim, D",ANSC
220,"Stein, H",ANSC
221,"Wheeler, M",ANSC
222,"Kukekova, A",ANSC
223,"Roca, A",ANSC
224,"Cattai de Godoy, M",ANSC
225,"Baldes, M",ANSC
226,"Grott, K",ANSC
227,"Hoene, H",ANSC
228,"Redden, M",ANSC
229,"Brooks, J",ANSC
230,"Rodriguez-Zas, S",ANSC
231,"Murphy, M",ANSC
232,"Steelman, A",ANSC
233,"Cann, I",ANSC
234,"Ridlon, J",ANSC
235,"Nakamura, M",ANSC
236,"Amengual Terrasa, J",ANSC
237,"Zhao, S",ANSC
238,"Qiao, H",ANSC
239,"Wang, B",ANSC
240,"Mackie, R",ANSC
241,"Ritchison, B",ANTH
242,"Clancy, K",ANTH
243,"Rosas, G",ANTH
244,"Silverman, H",ANTH
245,"Farnell, B",ANTH
246,"Kramer, K",ANTH
247,"Dominguez, V",ANTH
248,"Brinkworth, J",ANTH
249,"Jelinek, P",ANTH
250,"Malhi, R",ANTH
251,"Hughes, C",ANTH
252,"Frankenberg, S",ANTH
253,"Kramer, E",ANTH
254,"Lucero, L",ANTH
255,"Allan, B",ANTH
256,"Desmond, J",ANTH
257,"Davis, J",ANTH
258,"Chiu, C",ANTH
259,"Moodie, E",ANTH
260,"Dolezal, A",ANTH
261,"Konigsberg, L",ANTH
262,"Ambrose, S",ANTH
263,"Greenberg, J",ANTH
264,"Beauchamp, T",ANTH
265,"Paik, A",ANTH
266,"Orta, A",ANTH
267,"Saadah, E",ARAB
268,"Ahyad, H",ARAB
269,"Brakke, A",ARCH
270,"Hemingway, E",ARCH
271,"Hinders, K",ARCH
272,"Aminmansour, A",ARCH
273,"Melgarejo De Berry, A",ARCH
274,"Yi, Y",ARCH
275,"Letterly, C",ARCH
276,"Kedia, H",ARCH
277,"Dearborn, L",ARCH
278,"Bliss, A",ARCH
279,"Swiatek, P",ARCH
280,"Armstrong, P",ARCH
281,"Emmons, D",ARCH
282,"Grossman, H",ARCH
283,"Lapunzina, A",ARCH
284,"Johnson, T",ARCH
285,"Krishnan, S",ARCH
286,"Kansler, J",ARCH
287,"Tierney, T",ARCH
288,"Taylor, M",ARCH
289,"Lewis, C",ARCH
290,"Erickson, K",ARCH
291,"Deutsch, R",ARCH
292,"Chawla, S",ARCH
293,"Kraszewska, K",ARCH
294,"Lee, K",ARCH
295,"Samayeen, N",ARCH
296,"Bross, B",ARCH
297,"Boubekri, M",ARCH
298,"Strand, R",ARCH
299,"Kim, M",ARCH
300,"Kang, B",ARCH
301,"Bollo, C",ARCH
302,"Worn, W",ARCH
303,"Murray, S",ARCH
304,"Hammann, R",ARCH
305,"Chasco, D",ARCH
306,"Bognar, B",ARCH
307,"Bartumeus Ferre, S",ARCH
308,"Anthony, K",ARCH
309,"Dharwadker, A",ARCH
310,"Stallmeyer, J",ARCH
311,"Beaty, C",ART
312,"Horan, E",ART
313,"Grimes, N",ART
314,"Foster, J",ART
315,"Rohde, P",ART
316,"Kramer, S",ART
317,"Murphy, C",ART
318,"Signa, S",ART
319,"Bergmark, J",ART
320,"Jones, C",ART
321,"Hudson, B",ART
322,"Wiesener, C",ART
323,"Kesler, L",ART
324,"Theide, B",ART
325,"Howard, L",ART
326,"Meares, I",ART
327,"Briggs, M",ART
328,"Kendall, J",ARTD
329,"Xiao, L",ARTD
330,"Sibrian Mai, A",ARTD
331,"Crowther, M",ARTD
332,"Hadinezhad, S",ARTD
333,"Raheel, S",ARTD
334,"Zhang, H",ARTD
335,"Kim, E",ARTD
336,"Sethi, S",ARTD
337,"Jang, W",ARTD
338,"Melton, R",ARTD
339,"Mercer, L",ARTD
340,"Shin, S",ARTD
341,"Fein-Smolinski, R",ARTD
342,"Xu, G",ARTD
343,"Heller, M",ARTD
344,"Gunji-Ballsrud, J",ARTD
345,"Chou, K",ARTD
346,"Tang, Z",ARTD
347,"Salamanca Garcia, J",ARTD
348,"Bullock, W",ARTD
349,"Dai, S",ARTD
350,"Thomas, N",ARTD
351,"Elias Nieto, F",ARTD
352,"Batten, L",ARTD
353,"Weightman, D",ARTD
354,"Benson, E",ARTD
355,"Ruecker, S",ARTD
356,"McDonagh, D",ARTD
357,"Zhou, Y",ARTD
358,"Lucero, J",ARTE
359,"Vize, S",ARTE
360,"Travis, S",ARTE
361,"Hetrick, L",ARTE
362,"Ross, J",ARTF
363,"Hudson, S",ARTF
364,"Rosenthal, L",ARTH
365,"Burkus-Chasson, A",ARTH
366,"O'Brien, D",ARTH
367,"Romberg, K",ARTH
368,"Vazquez, O",ARTH
369,"Forde, J",ARTH
370,"Reitz, E",ARTH
371,"Weissman, T",ARTH
372,"Lingscheit, E",ARTS
373,"Montgomery, J",ARTS
374,"Netti, K",ARTS
375,"Chen, L",ARTS
376,"Griffis, R",ARTS
377,"Copeland, S",ARTS
378,"Hodgin Jones, K",ARTS
379,"Segev, T",ARTS
380,"Lindsay, R",ARTS
381,"Dallas, M",ARTS
382,"Vincenzi, C",ARTS
383,"Becker, S",ARTS
384,"Greer, A",ARTS
385,"Hammie, P",ARTS
386,"Stokes, E",ARTS
387,"Hogin, L",ARTS
388,"Weaver, D",ARTS
389,"Grosser, B",ARTS
390,"Pokorny, M",ARTS
391,"Bakker, C",ARTS
392,"Buysse, K",ASRM
393,"Feng, R",ASRM
394,"Chong, W",ASRM
395,"Cole, P",ASRM
396,"Hinkkanen, A",ASRM
397,"Ravat, U",ASRM
398,"Unger, D",ASRM
399,"Dalpiaz, D",ASRM
400,"Linders, D",ASRM
401,"Zhu, R",ASRM
402,"Mehta, R",ASST
403,"Looney, L",ASTR
404,"Adams, A",ATMS
405,"Gray, K",ATMS
406,"Miller, C",ATMS
407,"Choate, J",ATMS
408,"Hence, D",ATMS
409,"Nesbitt, A",ATMS
410,"Nesbitt, S",ATMS
411,"Riemer, N",ATMS
412,"Villegas Bravo, J",ATMS
413,"Jewett, B",ATMS
414,"Lasher-Trapp, S",ATMS
415,"Jain, A",ATMS
416,"Sharma, P",ATMS
417,"Frame, J",ATMS
418,"Zaremba, T",ATMS
419,"Sriver, R",ATMS
420,"Wuebbles, D",ATMS
421,"Wang, Z",ATMS
422,"Dominguez, F",ATMS
423,"Verma, V",ATMS
424,"Trapp, R",ATMS
425,"Harrison, I",BADM
426,"Allen, A",BADM
427,"Metzger, R",BADM
428,"Ahsen, M",BADM
429,"Virudachalam, V",BADM
430,"Guggenheim, D",BADM
431,"Lin, Y",BADM
432,"Wu, A",BADM
433,"Sachdev, V",BADM
434,"Warnick, E",BADM
435,"Wright, M",BADM
436,"White, J",BADM
437,"Gill, S",BADM
438,"Goncalo, J",BADM
439,"Love, E",BADM
440,"Bruce, J",BADM
441,"Wolters, M",BADM
442,"Shavitt, S",BADM
443,"Liang, H",BADM
444,"Rindfleisch, A",BADM
445,"Koo, M",BADM
446,"Liu, Y",BADM
447,"Noel, H",BADM
448,"Scott, N",BADM
449,"Mehrotra, M",BADM
450,"Barbeau, A",BADM
451,"Subramanyam, R",BADM
452,"Parthasarathy, R",BADM
453,"Pamuksuz, U",BADM
454,"Garimella, A",BADM
455,"Haran, V",BADM
456,"Khandelwal, A",BADM
457,"Somaya, D",BADM
458,"Seshadri, S",BADM
459,"Cockrell, A",BADM
460,"Anand, G",BADM
461,"Clougherty, J",BADM
462,"Xu, M",BADM
463,"Oh, H",BADM
464,"Fang, E",BADM
465,"Kurtz, J",BADM
466,"Noonan, J",BADM
467,"Lithgow, J",BADM
468,"Venkateswaran, V",BADM
469,"Isserman, N",BADM
470,"Michael, S",BADM
471,"Sakhartov, A",BADM
472,"Kim, J",BADM
473,"Chattopadhyay, S",BADM
474,"Shah, S",BADM
475,"Mahoney, J",BADM
476,"Han, W",BADM
477,"Thurston, D",BADM
478,"Loyd, D",BADM
479,"Luckman, E",BADM
480,"Bednar, M",BADM
481,"Won, S",BADM
482,"Graebner, M",BADM
483,"Bradley, J",BADM
484,"Ivanov, A",BADM
485,"Mukherjee, U",BADM
486,"Shaw, M",BADM
487,"Dolgopolov, V",BADM
488,"Taghaboni-Dutta, F",BADM
489,"Kwon, H",BADM
490,"Ye, H",BADM
491,"Loewenstein, J",BADM
492,"Torelli, C",BADM
493,"Albarracin, D",BADM
494,"Lamare, J",BADM
495,"Schijven, M",BADM
496,"Gonzalez, D",BADM
497,"Willits, J",BCOG
498,"Barbey, A",BCOG
499,"Ivashkiv, R",BCS
500,"Pires, A",BCS
501,"Cooper, D",BCS
502,"Jin, H",BIOC
503,"Zhang, K",BIOC
504,"Buntrock, D",BIOC
505,"Bagchi, M",BIOC
506,"Golecki, H",BIOE
507,"Insana, M",BIOE
508,"Jensen, K",BIOE
509,"Jensen, P",BIOE
510,"Marjanovic, M",BIOE
511,"Maslov, S",BIOE
512,"Sutton, B",BIOE
513,"Perez Pinera, P",BIOE
514,"Gao, L",BIOE
515,"Nie, S",BIOE
516,"Hsiao-Wecksler, E",BIOE
517,"Underhill, G",BIOE
518,"Sirk, S",BIOE
519,"Smith, A",BIOE
520,"Lu, T",BIOE
521,"Gaj, T",BIOE
522,"Irudayaraj, J",BIOE
523,"Best, C",BIOE
524,"Bhargava, R",BIOE
525,"Dobrucki, W",BIOE
526,"Luthey-Schulten, Z",BIOP
527,"Nair, S",BIOP
528,"Prior, P",BTW
529,"Quarton, J",BUS
530,"Werpetinski, V",BUS
531,"Anderson, D",BUS
532,"Green, K",BUS
533,"Fletcher, H",BUS
534,"Lewis, L",BUS
535,"Smith, M",BUS
536,"Frees-Williams, A",BUS
537,"Galan, A",BUS
538,"Parish, T",BUS
539,"Winter, G",BUS
540,"Gozdziak, C",BUS
541,"Dahl, J",BUS
542,"Headtke, J",BUS
543,"DeBrock, L",BUS
544,"Martinez, C",BUS
545,"Flaws, J",CB
546,"Reddi, P",CB
547,"Yang, J",CB
548,"Allender, M",CB
549,"Mahoney, M",CB
550,"Juraska, J",CB
551,"Lane, S",CB
552,"Schantz, S",CB
553,"Li, X",CDB
554,"Cai, X",CEE
555,"Koloutsou-Vakakis, S",CEE
556,"Garg, N",CEE
557,"Lehe, L",CEE
558,"Ignacio, E",CEE
559,"Nguyen, T",CEE
560,"Valocchi, A",CEE
561,"Cha, E",CEE
562,"Makhnenko, R",CEE
563,"Barkan, C",CEE
564,"Dick, C",CEE
565,"Schmidt, A",CEE
566,"Sen, S",CEE
567,"Roesler, J",CEE
568,"Ouyang, Y",CEE
569,"Liu, L",CEE
570,"El-Rayes, K",CEE
571,"Young, B",CEE
572,"Stillwell, A",CEE
573,"Liu, W",CEE
574,"Espinosa Marzal, R",CEE
575,"Marinas, B",CEE
576,"Garcia, M",CEE
577,"Lombardo, F",CEE
578,"LaFave, J",CEE
579,"Fahnestock, L",CEE
580,"Sychterz, A",CEE
581,"Gurfinkel, G",CEE
582,"Zhang, X",CEE
583,"Stark, T",CEE
584,"Mesri, G",CEE
585,"Olson, S",CEE
586,"Masud, A",CEE
587,"Cienciala, P",CEE
588,"Tinoco Lopez, R",CEE
589,"Popovics, J",CEE
590,"Lange, D",CEE
591,"Benekohal, R",CEE
592,"El-Gohary, N",CEE
593,"Guest, J",CEE
594,"Andrawes, B",CEE
595,"Lopez-Pamies, O",CEE
596,"Duarte, C",CEE
597,"Elbanna, A",CEE
598,"Baser, T",CEE
599,"Hashash, Y",CEE
600,"Zhao, L",CEE
601,"Cusick, R",CEE
602,"Meidani, H",CEE
603,"Kumar, P",CEE
604,"Spencer, B",CEE
605,"Tutumluer, E",CEE
606,"Golparvar Fard, M",CEE
607,"Sivapalan, M",CEE
608,"Hammack, W",CHBE
609,"Kenis, P",CHBE
610,"Mitrovski, S",CHBE
611,"Simpson, P",CHBE
612,"Yang, H",CHBE
613,"Kong, H",CHBE
614,"Diao, Y",CHBE
615,"Flaherty, D",CHBE
616,"Zhao, H",CHBE
617,"Floess, J",CHBE
618,"Rao, C",CHBE
619,"Su, X",CHBE
620,"Guironnet, D",CHBE
621,"Leckband, D",CHBE
622,"Harley, B",CHBE
623,"Bhargava, S",CHBE
624,"Rogers, S",CHBE
625,"Sing, C",CHBE
626,"Shukla, D",CHBE
627,"Peters, B",CHBE
628,"Schroeder, C",CHBE
629,"McCarren, E",CHEM
630,"Leveritt, J",CHEM
631,"Gunasekera, M",CHEM
632,"Marville, K",CHEM
633,"Hummel, T",CHEM
634,"Ray, C",CHEM
635,"Andino Martinez, J",CHEM
636,"Axelson, J",CHEM
637,"Huang, T",CHEM
638,"Lu, Y",CHEM
639,"Decoste, D",CHEM
640,"Kell, D",CHEM
641,"Chan, J",CHEM
642,"Hergenrother, P",CHEM
643,"Olshansky, L",CHEM
644,"Gewirth, A",CHEM
645,"Fout, A",CHEM
646,"Koerner, M",CHEM
647,"Laffoon, S",CHEM
648,"Moore, J",CHEM
649,"Zavala, J",CHEM
650,"Mirica, L",CHEM
651,"Han, H",CHEM
652,"Burke, M",CHEM
653,"Zimmerman, S",CHEM
654,"Woon, D",CHEM
655,"Hirata, S",CHEM
656,"Jain, P",CHEM
657,"Oldfield, E",CHEM
658,"Han, R",CHEM
659,"Kurzhals, A",CHEM
660,"Lakner, D",CHEM
661,"Unnikrishnan, M",CHEM
662,"Wallick, R",CHEM
663,"Mitchell, D",CHEM
664,"Statt, A",CHEM
665,"Girolami, G",CHEM
666,"Gray, D",CHEM
667,"Gabrielson, N",CHEM
668,"Vura-Weis, J",CHEM
669,"Rodriguez Lopez, J",CHEM
670,"Sweedler, J",CHEM
671,"Denmark, S",CHEM
672,"White, M",CHEM
673,"Rienstra, C",CHEM
674,"Silverman, S",CHEM
675,"Nuzzo, R",CHEM
676,"van der Veen, R",CHEM
677,"Packard, J",CHIN
678,"Shih, C",CHIN
679,"Lin, J",CHIN
680,"Shao, D",CHIN
681,"Biernacki, R",CHLH
682,"Jones, A",CHLH
683,"Alam, R",CHLH
684,"Bohm, A",CHLH
685,"Yarnot, R",CHLH
686,"Nie, Q",CHLH
687,"O'Donnell, M",CHLH
688,"Khamzina, M",CHLH
689,"Wenckus, J",CHLH
690,"Kaplan, J",CHLH
691,"Cosat, C",CHLH
692,"Heintz, H",CHLH
693,"Bankhead, T",CHLH
694,"Kolisetty, J",CHLH
695,"Rice, I",CHLH
696,"Gobin, R",CHLH
697,"Klonoff-Cohen, H",CHLH
698,"Oke, A",CHLH
699,"Juarez Padilla, J",CHLH
700,"Rinaldi-Miles, A",CHLH
701,"Pellum, D",CHLH
702,"Santens, R",CHLH
703,"Kersh, R",CHLH
704,"Adamu, I",CHLH
705,"Melesse, B",CHLH
706,"Becherer, L",CHLH
707,"Mamaril, C",CHLH
708,"Darfour-Oduro, S",CHLH
709,"Adamson, B",CHLH
710,"Akingbule, O",CHLH
711,"DiFilippo, K",CHLH
712,"Rhee, D",CHLH
713,"Rice, L",CHLH
714,"Jan, Y",CHLH
715,"Lee, D",CHLH
716,"Schwingel, A",CHLH
717,"Kang, H",CHLH
718,"Routon, J",CHLH
719,"Gothe, N",CHLH
720,"Hale, T",CHLH
721,"Kolb, M",CHLH
722,"Sullivan, L",CHLH
723,"Quick, B",CHLH
724,"Farner, S",CHLH
725,"Mejia, S",CHLH
726,"Hunniecutt, J",CHLH
727,"Lara-Cinisomo, S",CHLH
728,"Pionke, K",CHLH
729,"Ramirez Olarte, A",CHLH
730,"Singleton, C",CHLH
731,"Woods, A",CHLH
732,"Seraphin, T",CHLH
733,"Barnes, L",CHLH
734,"Guerra Perez, G",CHP
735,"Helle, S",CHP
736,"Jakobsson, E",CHP
737,"Latham, N",CI
738,"McCarthey, S",CI
739,"Paquette, L",CI
740,"Poetzel, A",CI
741,"Hug, B",CI
742,"Willis, A",CI
743,"Gutierrez, R",CI
744,"Dean, S",CI
745,"Smith, S",CI
746,"D'Angelo, C",CI
747,"Castillo, N",CI
748,"Lewis, A",CI
749,"MacGregor, N",CI
750,"Filkins, S",CI
751,"Stallmeyer-Gerard, C",CI
752,"Nunez Cortez, I",CI
753,"Li, J",CI
754,"Lindgren, R",CI
755,"Tissenbaum, M",CI
756,"Martinez Negrette, G",CI
757,"Gonzalez Rivera, G",CI
758,"Cromley, J",CI
759,"Hinze-Pifer, R",CI
760,"Moller, K",CI
761,"Hart, J",CIC
762,"Starr, E",CLCV
763,"Goebel, C",CLCV
764,"Solomon, J",CLCV
765,"Augoustakis, A",CLCV
766,"Hadjipolycarpou, M",CLCV
767,"Walters, B",CLCV
768,"Bosak-Schroeder, C",CLCV
769,"Hensley, I",CLCV
770,"Leon Ruiz, D",CLCV
771,"Kaufman, B",CLCV
772,"Sanders, K",CLCV
773,"Michael, M",CMN
774,"Giorgio, G",CMN
775,"O'Gorman, T",CMN
776,"Costello, T",CMN
777,"Ditewig-Morris, K",CMN
778,"Guntzviller, L",CMN
779,"Koven, M",CMN
780,"Huff, B",CMN
781,"Dixon, T",CMN
782,"Jackson, S",CMN
783,"Murphy, J",CMN
784,"Jacobs, C",CMN
785,"Ramey, M",CMN
786,"Wright-Dixon, T",CMN
787,"Bishop, M",CMN
788,"Bigman-Galimore, C",CMN
789,"Barley, W",CMN
790,"Poole, M",CMN
791,"Bigsby, E",CMN
792,"Lammers, J",CMN
793,"Hsieh, E",CMN
794,"Thompson, C",CMN
795,"Caughlin, J",CMN
796,"Finnegan, C",CMN
797,"Weiner, L",CMN
798,"Knobloch, L",CMN
799,"Arbelaez, J",CPSC
800,"Bohn, M",CPSC
801,"Briskin, D",CPSC
802,"Rayburn, A",CPSC
803,"Riggins, C",CPSC
804,"Martin, N",CPSC
805,"Moose, S",CPSC
806,"Lambert, K",CPSC
807,"Villamil, M",CPSC
808,"Tranel, P",CPSC
809,"Leakey, A",CPSC
810,"Harmon-Threatt, A",CPSC
811,"Diers, B",CPSC
812,"Bernacchi, C",CPSC
813,"Dalling, J",CPSC
814,"Mulvaney, R",CPSC
815,"Below, F",CPSC
816,"Bollero, G",CPSC
817,"Juvik, J",CPSC
818,"Studer, A",CPSC
819,"Caetano-Anolles, G",CPSC
820,"Schroeder, N",CPSC
821,"Marshall-Colon, A",CPSC
822,"Sacks, E",CPSC
823,"Davis, N",CS
824,"Hopping, D",CS
825,"Zilles, C",CS
826,"Fagen-Ulmschneider, W",CS
827,"Flanagan, K",CS
828,"Challen, G",CS
829,"Woodley, M",CS
830,"Fleck, M",CS
831,"Kumar, R",CS
832,"Evans, G",CS
833,"Herman, G",CS
834,"Harris, A",CS
835,"Angrave, L",CS
836,"Silva, M",CS
837,"Chan, T",CS
838,"Har-Peled, S",CS
839,"Al-Hassanieh, H",CS
840,"Sirignano, J",CS
841,"Zhai, C",CS
842,"Alawini, A",CS
843,"Chang, K",CS
844,"Sinha, S",CS
845,"Shaffer, E",CS
846,"Beckman, A",CS
847,"Rosu, G",CS
848,"Bates, A",CS
849,"Borisov, N",CS
850,"Sha, L",CS
851,"Fletcher, C",CS
852,"Kravets, R",CS
853,"Hasegawa-Johnson, M",CS
854,"Telgarsky, M",CS
855,"Schwing, A",CS
856,"Fischer, P",CS
857,"Heath, M",CS
858,"Bailey, M",CS
859,"Levchenko, K",CS
860,"Gunter, C",CS
861,"Peng, J",CS
862,"Erickson, J",CS
863,"Meseguer, J",CS
864,"Jacobson, S",CS
865,"Patel, S",CS
866,"Kale, L",CS
867,"Bashir, M",CS
868,"Campbell, R",CS
869,"Marinov, D",CS
870,"Chekuri, C",CS
871,"Forsyth, D",CS
872,"Farivar, R",CS
873,"Li, B",CS
874,"Walker, T",CS
875,"Smaragdis, P",CS
876,"Hwu, W",CS
877,"Parameswaran, A",CS
878,"Han, J",CS
879,"Ludaescher, B",CS
880,"Misailovic, S",CS
881,"Torrellas, J",CS
882,"Godfrey, P",CS
883,"Lazebnik, S",CS
884,"Hoiem, D",CS
885,"Hockenmaier, J",CS
886,"Kloeckner, A",CS
887,"Kirlik, A",CS
888,"Forbes, M",CS
889,"Warnow, T",CS
890,"Chandrasekaran, K",CS
891,"Adve, V",CS
892,"Garzaran, M",CS
893,"Padua, D",CS
894,"Mitra, S",CS
895,"Gunter, E",CS
896,"Gupta, I",CS
897,"Olson, L",CS
898,"Xie, T",CS
899,"Xu, T",CS
900,"Chen, Y",CS
901,"Johnson, B",CS
902,"Solomonik, E",CS
903,"Sundaram, H",CS
904,"Tong, H",CS
905,"El-Kebir, M",CS
906,"Jiang, N",CS
907,"Koyejo, O",CS
908,"Adve, S",CS
909,"Vanka, S",CSE
910,"Baryshnikov, Y",CSE
911,"Glosemeyer, D",CSE
912,"Kinson, C",CSE
913,"Trinkle, D",CSE
914,"Hajj, I",CSE
915,"Hassinger, A",CW
916,"Davenport, S",CW
917,"Price, J",CW
918,"Bales, A",CW
919,"Rubins, J",CW
920,"Van Landingham, C",CW
921,"Harrington, J",CW
922,"Maldonado-Velez, S",CW
923,"Shakar, A",CW
924,"Sanders, T",CW
925,"Hurley, M",CW
926,"Madonick, M",CW
927,"McVicker, Z",CW
928,"Stanley, J",CW
929,"Baron, I",CWL
930,"Kuras, E",CWL
931,"Johnson, L",CWL
932,"Gasyna, G",CWL
933,"Malekin, B",CWL
934,"Persiani, G",CWL
935,"Kaganovsky, L",CWL
936,"Sobol, V",CWL
937,"Cole, L",CWL
938,"Wade, M",CWL
939,"Chen, J",CWL
940,"Pu, Y",CWL
941,"Hutner, G",CWL
942,"Harris, R",CWL
943,"Stoppino, E",CWL
944,"Tierney, R",CWL
945,"Hoefig, V",CWL
946,"Chow, K",CWL
947,"Hassan, W",CWL
948,"Turnock, J",CWL
949,"Gutsche, V",CWL
950,"Rushing, R",CWL
951,"Kaplan, B",CWL
952,"Davies Brenier, L",CZCH
953,"Mininsohn, S",DANC
954,"D'Orleans juste, R",DANC
955,"Johnston, P",DANC
956,"Sapozhnikov, A",DANC
957,"Clay, J",DANC
958,"Allen, B",DANC
959,"Allison, E",DANC
960,"Thompson-Stout, D",DANC
961,"Rizzuto, R",DANC
962,"Emadian, E",DANC
963,"Ervin, W",DANC
964,"Anderson, M",DANC
965,"Anderson, B",DANC
966,"MacMaster, C",DANC
967,"Ciofalo, T",DANC
968,"Quiles, M",DANC
969,"Zbikowski, A",DANC
970,"Lehovec, L",DANC
971,"Erkert, J",DANC
972,"Taylor, E",DANC
973,"Monson, J",DANC
974,"Toenjes, J",DANC
975,"Nettl-Fiol, R",DANC
976,"Simson, K",DANC
977,"O'Connor, T",DANC
978,"Chiaramonte, L",DANC
979,"Hook, S",DANC
980,"Oliver, C",DANC
981,"Wilks, L",DANC
982,"Fu, P",EALC
983,"Mayer, A",EALC
984,"Wilson, R",EALC
985,"Callahan, C",EALC
986,"Guo, X",EALC
987,"Nagashima, D",EALC
988,"Ha, J",EALC
989,"Martin, J",EALC
990,"Mroz, A",EALC
991,"Bowles, M",EALC
992,"Barlaz, M",EALC
993,"Choi, H",ECE
994,"Schmitz, C",ECE
995,"Aggarwal, A",ECE
996,"Bhowmik, U",ECE
997,"Kudeki, E",ECE
998,"Cheng, Z",ECE
999,"Radhakrishnan, C",ECE
1000,"Alvarez, J",ECE
1001,"Banerjee, A",ECE
1002,"Allen, J",ECE
1003,"Gross, G",ECE
1004,"Katselis, D",ECE
1005,"Shanbhag, N",ECE
1006,"Do, M",ECE
1007,"Chitambar, E",ECE
1008,"Milenkovic, O",ECE
1009,"Shomorony, I",ECE
1010,"Zhao, Z",ECE
1011,"Hajek, B",ECE
1012,"Hillmer, P",ECE
1013,"He, W",ECE
1014,"Ilie, R",ECE
1015,"Shao, Y",ECE
1016,"Chen, X",ECE
1017,"Zhang, R",ECE
1018,"O'Connell, T",ECE
1019,"Bogdanov, S",ECE
1020,"Dallesasse, J",ECE
1021,"Gilbert, M",ECE
1022,"Zhou, J",ECE
1023,"Peng, Z",ECE
1024,"Kalbarczyk, Z",ECE
1025,"Haken, L",ECE
1026,"Popescu, G",ECE
1027,"Lumetta, S",ECE
1028,"Huang, J",ECE
1029,"Chen, D",ECE
1030,"Pool, M",ECE
1031,"Haran, K",ECE
1032,"Gruev, V",ECE
1033,"Rakheja, S",ECE
1034,"Bayram, C",ECE
1035,"Lee, M",ECE
1036,"Fliflet, A",ECE
1037,"Jiang, J",ECE
1038,"Oelze, M",ECE
1039,"Smith, C",ECE
1040,"Schutt-Aine, J",ECE
1041,"Driggs-Campbell, K",ECE
1042,"Lyding, J",ECE
1043,"Hanumolu, P",ECE
1044,"Dong, R",ECE
1045,"Block, D",ECE
1046,"Levinson, S",ECE
1047,"Dragic, P",ECE
1048,"Xiong, J",ECE
1049,"Fang, K",ECE
1050,"Roy Choudhury, R",ECE
1051,"Vlasov, Y",ECE
1052,"Mehta, P",ECE
1053,"Beck, C",ECE
1054,"Goddard, L",ECE
1055,"Veeravalli, V",ECE
1056,"Gupta, S",ECE
1057,"Dominguez-Garcia, A",ECE
1058,"Raginsky, M",ECE
1059,"Moulin, P",ECE
1060,"Bose, S",ECE
1061,"Basar, M",ECE
1062,"Rosenbaum, E",ECE
1063,"O'Brien, W",ECE
1064,"Hu, B",ECE
1065,"Dokmanic, I",ECE
1066,"Vazquez, J",ECON
1067,"DiIanni, I",ECON
1068,"Armendariz Buaun, R",ECON
1069,"Parente, S",ECON
1070,"Kennealy - Pierczynski, K",ECON
1071,"Perry, M",ECON
1072,"Bilsbury, T",ECON
1073,"Schultz, C",ECON
1074,"McDermott, E",ECON
1075,"Buckley, B",ECON
1076,"Zhao, R",ECON
1077,"Marx, B",ECON
1078,"Giertz, J",ECON
1079,"Leite Estanislau do Amaral, L",ECON
1080,"Arango Isaza, M",ECON
1081,"Grigoryan, A",ECON
1082,"Yang, B",ECON
1083,"Arga, D",ECON
1084,"Sun, Y",ECON
1085,"Esfahani, H",ECON
1086,"Arvin-Rad, H",ECON
1087,"Chung, E",ECON
1088,"Philipps, C",ECON
1089,"Toossi, A",ECON
1090,"Howard, G",ECON
1091,"Gahvari, F",ECON
1092,"Poloni Sant Anna, V",ECON
1093,"Farhoodi, A",ECON
1094,"Khazra, N",ECON
1095,"Ghosh, P",ECON
1096,"Hong, S",ECON
1097,"Weinstein, R",ECON
1098,"Agiakloglou, C",ECON
1099,"Micheletto, L",ECON
1100,"Osman, A",ECON
1101,"Krasa, S",ECON
1102,"Garin, A",ECON
1103,"Riordan, C",ECON
1104,"Fellouris, G",ECON
1105,"Bernhardt, M",ECON
1106,"Hewings, G",ECON
1107,"Kahn, C",ECON
1108,"Amir Ahmadi, P",ECON
1109,"Mann, J",EDPR
1110,"Andrews, L",EDPR
1111,"Spicuzza, A",EDPR
1112,"Shasteen, R",EDPR
1113,"Peterson, E",EDPR
1114,"O'Connor, J",EDPR
1115,"Greene, P",EDPR
1116,"Span, C",EDUC
1117,"Gueye, M",EDUC
1118,"Witt, M",EDUC
1119,"Franks, S",EIL
1120,"Green, J",EIL
1121,"Sadler, R",EIL
1122,"Amos, J",ENG
1123,"Brunet, M",ENG
1124,"Forman, G",ENG
1125,"Wolters, A",ENG
1126,"Diaz Gonzalez, D",ENG
1127,"Favila, I",ENG
1128,"Davidson, E",ENG
1129,"Tempel, D",ENG
1130,"Niehans, K",ENG
1131,"Mamaril, N",ENG
1132,"Fruehling, A",ENG
1133,"Abelson, J",ENG
1134,"Uddin, R",ENG
1135,"Hoag, B",ENG
1136,"Spencer, G",ENG
1137,"Dankowicz, H",ENG
1138,"McCullough, A",ENG
1139,"Jacobi, A",ENG
1140,"Capino, J",ENGL
1141,"Newcomb, J",ENGL
1142,"Soto Crespo, R",ENGL
1143,"Underwood, W",ENGL
1144,"Barrett, R",ENGL
1145,"Pollock, A",ENGL
1146,"Jones, J",ENGL
1147,"Courtemanche, E",ENGL
1148,"Perry, C",ENGL
1149,"Gray, C",ENGL
1150,"Lopez Garcia, M",ENGL
1151,"Loughran, P",ENGL
1152,"Freeburg, C",ENGL
1153,"Dean, T",ENGL
1154,"Camargo, S",ENGL
1155,"Basu, A",ENGL
1156,"Tahmahkera, D",ENGL
1157,"Byrd, J",ENGL
1158,"Basu, M",ENGL
1159,"Oh, R",ENGL
1160,"Hansen, J",ENGL
1161,"Somerville, S",ENGL
1162,"Molbert, N",ENGL
1163,"Wood, G",ENGL
1164,"McDuffie, K",ENGL
1165,"Prendergast, C",ENGL
1166,"Murison, J",ENGL
1167,"Newcomb, L",ENGL
1168,"Wright, D",ENGL
1169,"Kanter, R",ENGL
1170,"Mortensen, P",ENGL
1171,"Trilling, R",ENGL
1172,"Markley, R",ENGL
1173,"Littlefield, M",ENGL
1174,"Andruczyk, D",ENVS
1175,"Rodriguez, M",ENVS
1176,"Altaner, S",ENVS
1177,"Delucia, M",ENVS
1178,"Kenfield, M",ENVS
1179,"Francis, B",ENVS
1180,"Johnson, R",ENVS
1181,"Roegman, R",EOL
1182,"Herrmann, M",EOL
1183,"Alexander, S",EOL
1184,"Fuller-Hamilton, A",EOL
1185,"Porreca, K",EOL
1186,"Huang, W",EOL
1187,"Owens, D",EOL
1188,"Jankowski, N",EOL
1189,"Hood, D",EOL
1190,"Lee, S",EOL
1191,"Del Real Viramontes, J",EOL
1192,"Fink, L",EPOL
1193,"Garcia Tellez, N",EPOL
1194,"Sanden, N",EPOL
1195,"Simon, J",EPOL
1196,"Huang, N",EPOL
1197,"Becker, M",EPOL
1198,"Jones, N",EPOL
1199,"Toliver, J",EPOL
1200,"Blanden, K",EPOL
1201,"Decair, D",EPOL
1202,"Cunningham, T",EPOL
1203,"Thorstensson Davila, L",EPOL
1204,"Dixson, A",EPOL
1205,"Dyson, A",EPOL
1206,"Hopson, R",EPOL
1207,"Adeyemo, A",EPS
1208,"Witt, S",EPS
1209,"Burbules, N",EPS
1210,"Dhillon, P",EPS
1211,"Kalantzis, M",EPS
1212,"Cope, W",EPS
1213,"McCarthy, C",EPS
1214,"Herman, T",EPS
1215,"Trent, W",EPS
1216,"Napolitano, C",EPSY
1217,"Ruedas-Gracia, N",EPSY
1218,"Landrum-Brown, J",EPSY
1219,"Carter, A",EPSY
1220,"Minarik, J",EPSY
1221,"Vermillion, B",EPSY
1222,"Cruz-Santiago, M",EPSY
1223,"Davenport, T",EPSY
1224,"Masters, M",EPSY
1225,"Holtapp, H",EPSY
1226,"Wilson, K",EPSY
1227,"Rosas, R",EPSY
1228,"Bidner, S",EPSY
1229,"Deterding, R",EPSY
1230,"Davis, A",EPSY
1231,"Holterman, C",EPSY
1232,"Colbert, C",EPSY
1233,"Rounds, J",EPSY
1234,"Christianson, K",EPSY
1235,"Kinderman, L",EPSY
1236,"Stine-Morrow, E",EPSY
1237,"Hu, M",EPSY
1238,"Yan, X",EPSY
1239,"Dane, A",EPSY
1240,"Neville, H",EPSY
1241,"Khuri, M",EPSY
1242,"Morrow, D",EPSY
1243,"Xia, Y",EPSY
1244,"Kern, J",EPSY
1245,"Anderson, C",EPSY
1246,"Wang, M",EPSY
1247,"Collins, K",EPSY
1248,"Yosai, E",EPSY
1249,"Lane, H",EPSY
1250,"Hund-Wantland, A",EPSY
1251,"Brown, T",EPSY
1252,"Hegeman, K",EPSY
1253,"Rauch Maupin, J",EPSY
1254,"Roberts, W",EPSY
1255,"Zhang, J",EPSY
1256,"Jiang, G",EPSY
1257,"Pettijohn, J",ESE
1258,"Cole, T",ESE
1259,"Christie, M",ESE
1260,"Lai, J",ESE
1261,"Stewart, M",ESE
1262,"Thurston, O",ESE
1263,"Best, J",ESE
1264,"Wilson, D",ESE
1265,"Van Riper, C",ESE
1266,"Yang, Y",ESE
1267,"Kashem, M",ESE
1268,"Haber, L",ESE
1269,"Cidell, J",ESE
1270,"Faivre, S",ESL
1271,"Meling, Y",ESL
1272,"Avci, A",ESL
1273,"Kiarie, K",ESL
1274,"Young, J",ESL
1275,"Sims, L",ESL
1276,"Hewage, N",ESL
1277,"Ho, E",ESL
1278,"Ryan, E",ESL
1279,"Dunse, A",ESL
1280,"Sullivan, R",ESL
1281,"Jia, H",ESL
1282,"Kashina, T",ESL
1283,"Walters, F",ESL
1284,"Dold, C",ESL
1285,"Miszoglad, E",ESL
1286,"Chung, R",ESL
1287,"Di Lorenzo, K",ESL
1288,"Kotnarowski, J",ESL
1289,"Torrejon, C",ESL
1290,"Lopez, E",ESL
1291,"Nierenhausen, M",ESL
1292,"Williams, B",ESL
1293,"Zalesov, S",ESL
1294,"Mohamed, M",ESL
1295,"Butler-Auld, H",ESL
1296,"Rana, R",ESL
1297,"Cooper, L",ESL
1298,"Carroll Curry, E",ESL
1299,"Bishop, H",ESL
1300,"Gorgone, A",ESL
1301,"Galdamez, A",ESL
1302,"Cavazos, I",ESL
1303,"Pennell, J",ESL
1304,"Rosado, C",ESL
1305,"Rota, E",EURO
1306,"Kourtikakis, K",EURO
1307,"Pierce, J",EURO
1308,"Rivera, M",FAA
1309,"Liebersohn, H",FAA
1310,"Silvers, M",FAA
1311,"Syer, K",FAA
1312,"Wachter, C",FAA
1313,"Mehrtens, B",FAA
1314,"Morrissette, J",FAA
1315,"Edwards, M",FAA
1316,"Gardner, Z",FAA
1317,"Wilson, W",FAA
1318,"Camacho, P",FAA
1319,"Park, M",FAA
1320,"Schultz, A",FAA
1321,"Gunn, J",FAA
1322,"Pullen, K",FAA
1323,"Dyer, M",FIN
1324,"Nori, S",FIN
1325,"Pecas Correia, F",FIN
1326,"Lal Jagadheesh, R",FIN
1327,"Park, J",FIN
1328,"AlBader, S",FIN
1329,"Perkins, S",FIN
1330,"Peters, S",FIN
1331,"Spencer, X",FIN
1332,"Marcinkowski, M",FIN
1333,"Kronlund, M",FIN
1334,"Wu, Y",FIN
1335,"Fonseca, J",FIN
1336,"Xu, Q",FIN
1337,"Raskie, S",FIN
1338,"Yang, X",FIN
1339,"Silva, D",FIN
1340,"Peterson, P",FIN
1341,"Kargar, M",FIN
1342,"Ambrose, D",FIN
1343,"Excell, R",FIN
1344,"Krueger, G",FIN
1345,"McChristian, L",FIN
1346,"Reif, J",FIN
1347,"Brown, D",FIN
1348,"Tchistyi, A",FIN
1349,"Manouchehri Irani, R",FIN
1350,"Maple, D",FIN
1351,"Sholem, D",FIN
1352,"Proksa, C",FIN
1353,"Gao, X",FIN
1354,"Weisbenner, S",FIN
1355,"Pearson, N",FIN
1356,"Widdicks, M",FIN
1357,"Almeida, H",FIN
1358,"Chan, K",FIN
1359,"Briggs, S",FIN
1360,"Lariviere, D",FIN
1361,"Zhang, Q",FIN
1362,"Pennacchi, G",FIN
1363,"Navejas, D",FLTE
1364,"Thompson, V",FLTE
1365,"Clay, A",FR
1366,"Maroun, D",FR
1367,"Reynolds, F",FR
1368,"Fagyal, Z",FR
1369,"Mall, L",FR
1370,"Gaillard, J",FR
1371,"Keller, M",FR
1372,"Hualde, J",FR
1373,"Proulx, F",FR
1374,"Bohn, D",FSHN
1375,"Burkhalter, T",FSHN
1376,"Brotherton, J",FSHN
1377,"Miller, M",FSHN
1378,"Pan, Y",FSHN
1379,"Ma, S",FSHN
1380,"Padua, G",FSHN
1381,"Engeseth, N",FSHN
1382,"McCaffrey, J",FSHN
1383,"Karduck, J",FSHN
1384,"Craft, J",FSHN
1385,"Perry, B",FSHN
1386,"Cadwallader, K",FSHN
1387,"Irani, K",FSHN
1388,"Chen, H",FSHN
1389,"Arthur, A",FSHN
1390,"Feng, H",FSHN
1391,"Lee, Y",FSHN
1392,"Stasiewicz, M",FSHN
1393,"Teran-Garcia, M",FSHN
1394,"Madson, J",FSHN
1395,"Pepino de Gruev, M",FSHN
1396,"Andrade, J",FSHN
1397,"Schmidt, S",FSHN
1398,"Holmes, C",GC
1399,"Rodriguez'G, K",GC
1400,"Wong, D",GC
1401,"Stern, C",GCL
1402,"Adovor Tsikudo, A",GEOG
1403,"Jefferson, B",GEOG
1404,"Buckley, C",GEOG
1405,"McLafferty, S",GEOG
1406,"Coleman, A",GEOG
1407,"Syal, S",GEOG
1408,"Lara, M",GEOG
1409,"Diao, C",GEOG
1410,"Rhoads, B",GEOG
1411,"Long, A",GEOL
1412,"Tomkin, J",GEOL
1413,"Anders, A",GEOL
1414,"Guenthner, W",GEOL
1415,"Lundstrom, C",GEOL
1416,"Ginsberg, P",GEOL
1417,"Lin, X",GEOL
1418,"Cabaniss, H",GEOL
1419,"Gregg, P",GEOL
1420,"Sanford, R",GEOL
1421,"Li, Y",GEOL
1422,"Conroy, J",GEOL
1423,"Webster, C",GER
1424,"Hunt, A",GER
1425,"Hilger, S",GER
1426,"Niekerk, C",GER
1427,"Schrag, D",GLBL
1428,"Massey, E",GLBL
1429,"Wedig, T",GLBL
1430,"Martins Freitas, C",GLBL
1431,"Chih, D",GLBL
1432,"Bonatti, V",GLBL
1433,"Jamal, M",GLBL
1434,"Fogelman, C",GLBL
1435,"Lynn, J",GLBL
1436,"Grosse Perdekamp, M",GLBL
1437,"Meier, K",GLBL
1438,"Matchett, L",GLBL
1439,"Turcios, A",GLBL
1440,"Geringer, R",GLBL
1441,"Levin, D",GLBL
1442,"Kilgore, J",GLBL
1443,"Williams, A",GLBL
1444,"Singer, C",GLBL
1445,"Tzanetou, A",GRK
1446,"Traill, A",GRK
1447,"Gardiner, S",GS
1448,"Sandler, C",GS
1449,"Gargiulo, M",GWS
1450,"Ngo, F",GWS
1451,"Tarjanyi, P",GWS
1452,"Delanthamajalu, S",GWS
1453,"Moussawi, G",GWS
1454,"Egwuatu, C",GWS
1455,"Enslin, M",GWS
1456,"Koslofsky, C",GWS
1457,"Reagan, L",GWS
1458,"Nadeau, C",GWS
1459,"Grogan, E",GWS
1460,"Valdivia, A",GWS
1461,"Takauchi, Y",GWS
1462,"Matsela, S",GWS
1463,"Fay, L",GWS
1464,"Kingery, L",GWS
1465,"Brown, R",GWS
1466,"Theisen, J",HDFS
1467,"Thomann Mitchell, E",HDFS
1468,"Hughes, R",HDFS
1469,"McBride, B",HDFS
1470,"Yao, L",HDFS
1471,"Griffin, A",HDFS
1472,"Xu, H",HDFS
1473,"Aslan, D",HDFS
1474,"Lopez-Ortiz, C",HDFS
1475,"Skonieczny, M",HDFS
1476,"Carlson, K",HDFS
1477,"Stodolska, M",HDFS
1478,"McElwain, N",HDFS
1479,"Frantz, K",HDFS
1480,"Munoz, L",HDFS
1481,"Barton, A",HDFS
1482,"Hurth, E",HDFS
1483,"Lleras, C",HDFS
1484,"Fiese, B",HDFS
1485,"Koester, B",HDFS
1486,"Cuthbertson, C",HDFS
1487,"Freeman Bost, K",HDFS
1488,"Ebata, A",HDFS
1489,"Rotem, E",HEBR
1490,"Brennan, J",HIST
1491,"Brosseder, C",HIST
1492,"Rogaar, E",HIST
1493,"Symes, C",HIST
1494,"Fritzsche, P",HIST
1495,"Oberdeck, K",HIST
1496,"Mumford, K",HIST
1497,"Rabin, D",HIST
1498,"Chaplin, T",HIST
1499,"Barnes, T",HIST
1500,"Randolph, J",HIST
1501,"Chettiar, T",HIST
1502,"Mathisen, R",HIST
1503,"Sepkoski, D",HIST
1504,"Mora, J",HIST
1505,"Ebel, J",HIST
1506,"Bonilla, E",HIST
1507,"Maggid Alon, L",HIST
1508,"Todorova, M",HIST
1509,"Gilbert, D",HIST
1510,"Klopfenstein, M",HIST
1511,"Hoganson, K",HIST
1512,"Mishra, M",HNDI
1513,"Shailendra Irfan, -",HNDI
1514,"Tamot, P",HNDI
1515,"Taylor, A",HORT
1516,"Kuchinke, K",HRD
1517,"Oh, E",HRD
1518,"Gallaher, J",HRD
1519,"Jacobs, R",HRD
1520,"Rhee, P",HUM
1521,"Yang, W",IB
1522,"Ming, R",IB
1523,"Manaster, J",IB
1524,"Caceres, C",IB
1525,"Clegg, B",IB
1526,"Whitfield, J",IB
1527,"Hauber, M",IB
1528,"Cheng-De Vries, C",IB
1529,"Swanson, C",IB
1530,"Robinson, G",IB
1531,"Catchen, J",IB
1532,"Roseman, C",IB
1533,"Downie, S",IB
1534,"Alleyne, M",IB
1535,"Berenbaum, M",IB
1536,"Whitaker, R",IB
1537,"Cameron, S",IB
1538,"Wissa, A",IB
1539,"Taylor, C",IB
1540,"Fuller, B",IB
1541,"Paige, K",IB
1542,"Yarkony, E",IE
1543,"He, N",IE
1544,"King, D",IE
1545,"Sun, R",IE
1546,"Wooldridge, A",IE
1547,"Wang, Q",IE
1548,"Stolyar, A",IE
1549,"Vogiatzis, C",IE
1550,"Feng, L",IE
1551,"Kim, H",IE
1552,"Marla, L",IE
1553,"Chronopoulou, A",IE
1554,"Sowers, R",IE
1555,"Lane, M",IE
1556,"Sreenivas, R",IE
1557,"Lynch, A",IE
1558,"Garg, J",IE
1559,"Bobitt, J",IHLT
1560,"Frasca, E",IHLT
1561,"Knox, E",INFO
1562,"Kendall, L",INFO
1563,"Cermak, D",INFO
1564,"Butt, E",INFO
1565,"Pintar, J",INFO
1566,"Haberman, M",INFO
1567,"Turk, M",INFO
1568,"Evans, C",IS
1569,"Chan, A",IS
1570,"Ginger, J",IS
1571,"Duffy, D",IS
1572,"Gabriel, J",IS
1573,"Terrones, L",IS
1574,"Quealy, K",IS
1575,"Magee, R",IS
1576,"Schwebel, S",IS
1577,"Comstock, S",IS
1578,"Wolske, M",IS
1579,"Moreillon, J",IS
1580,"Wickes, E",IS
1581,"Trainor, K",IS
1582,"Stodden, V",IS
1583,"Wong, M",IS
1584,"Urban, R",IS
1585,"Huang, Y",IS
1586,"Wickett, K",IS
1587,"Torvik, V",IS
1588,"Bonn, M",IS
1589,"Choi, I",IS
1590,"Martaus, A",IS
1591,"Weech, T",IS
1592,"Ocepek, M",IS
1593,"Avery, S",IS
1594,"Holba Puacz, J",IS
1595,"Hensley, M",IS
1596,"Revell, Z",IS
1597,"Oberg, S",IS
1598,"Barnhart, A",IS
1599,"Tilley, C",IS
1600,"Mattson, K",IS
1601,"Matheson, S",IS
1602,"Batoma, A",IS
1603,"Song, Y",IS
1604,"Bosch, N",IS
1605,"Naiman, J",IS
1606,"Darch, P",IS
1607,"McDonough, J",IS
1608,"Chin, J",IS
1609,"Schlipf, F",IS
1610,"Diesner, J",IS
1611,"Kilicoglu, H",IS
1612,"Berryhill, C",IS
1613,"Bothmann, R",IS
1614,"Vincler, J",IS
1615,"Salrin, M",IS
1616,"Huot, A",IS
1617,"DeCandido, R",IS
1618,"Benson, S",IS
1619,"He, J",IS
1620,"Wonderlich, M",IS
1621,"Egan, K",IS
1622,"Craig, A",IS
1623,"Weible, J",IS
1624,"Mak, B",IS
1625,"Schneider, J",IS
1626,"Dubin, D",IS
1627,"LaBarre, K",IS
1628,"Ferris, Q",IS
1629,"Teper, J",IS
1630,"Brooks, I",IS
1631,"Hill, L",ITAL
1632,"Derhemi, E",ITAL
1633,"Sadler, M",JAPN
1634,"Muramoto, K",JAPN
1635,"Matsushita, H",JAPN
1636,"Wood, A",JOUR
1637,"Ng, Y",JOUR
1638,"Erdey, K",JOUR
1639,"Follis, J",JOUR
1640,"Holden, B",JOUR
1641,"McDonald, J",JOUR
1642,"Craft, S",JOUR
1643,"Meyer, E",JOUR
1644,"Usher, N",JOUR
1645,"Kieser, E",JOUR
1646,"Houston, J",JOUR
1647,"Tate, A",JOUR
1648,"Ball, C",JOUR
1649,"Motzafi-Haller, P",JS
1650,"Qin, X",KIN
1651,"Chen, Z",KIN
1652,"Fairfield, W",KIN
1653,"He, Y",KIN
1654,"Elliehausen, C",KIN
1655,"Malloy, N",KIN
1656,"Wei, M",KIN
1657,"Ren, S",KIN
1658,"Rivera Maza, A",KIN
1659,"Nichol, A",KIN
1660,"Elliott, J",KIN
1661,"Richards, A",KIN
1662,"Meinert, C",KIN
1663,"O'Neill, A",KIN
1664,"Taggart, A",KIN
1665,"Zubayr, R",KIN
1666,"Soto, Y",KIN
1667,"Guzman, J",KIN
1668,"Aguinaga, S",KIN
1669,"Sydnor, S",KIN
1670,"Boppart, M",KIN
1671,"Lapp, S",KIN
1672,"Garcia, G",KIN
1673,"Burrows, B",KIN
1674,"Paulussen, K",KIN
1675,"Musolino, G",KIN
1676,"Erlenbach, E",KIN
1677,"Trad, A",KIN
1678,"Streeter, S",KIN
1679,"Phansikar, M",KIN
1680,"Adamek, J",KIN
1681,"Haugen, M",KIN
1682,"Ison, S",KIN
1683,"Pennington, S",KIN
1684,"Petruzzello, S",KIN
1685,"Box, A",KIN
1686,"North, J",KIN
1687,"Burd, N",KIN
1688,"Minton, D",KIN
1689,"Askow, A",KIN
1690,"Abou, L",KIN
1691,"Bishnoi, A",KIN
1692,"Shelley, S",KIN
1693,"Zhu, W",KIN
1694,"Pindus, D",KIN
1695,"Konopka, A",KIN
1696,"Mullen, S",KIN
1697,"Khan, N",KIN
1698,"Richards, K",KIN
1699,"Ryu, B",KOR
1700,"Choi, S",KOR
1701,"Song, J",KOR
1702,"Pyo, J",KOR
1703,"O'Shea, C",LA
1704,"Kesler, G",LA
1705,"Farr, J",LA
1706,"Santos, C",LA
1707,"Reschke, C",LA
1708,"Thomas, J",LA
1709,"McGuire, M",LA
1710,"Sears, S",LA
1711,"Deal, B",LA
1712,"Ahn, H",LA
1713,"Soranso, M",LAS
1714,"Vallier, N",LAS
1715,"Valentin, K",LAS
1716,"Krueger, K",LAS
1717,"Neighbors, B",LAS
1718,"Chang, A",LAS
1719,"Lamers, N",LAS
1720,"White, K",LAS
1721,"Brown, C",LAS
1722,"Akinrinola, A",LAS
1723,"Loidl, V",LAS
1724,"Holden, A",LAS
1725,"Yeo, H",LAS
1726,"Stewart, N",LAS
1727,"Rome, M",LAS
1728,"Chlebanowski, R",LAS
1729,"Hertzman, M",LAST
1730,"Vecoli, C",LAST
1731,"Gobbo Junior, J",LAST
1732,"Grimaldi Calderon, G",LAST
1733,"Szremski, K",LAST
1734,"Molina-Vital, C",LAST
1735,"Neis, J",LAT
1736,"Merkley, K",LAT
1737,"Weed, A",LAT
1738,"Pahre, J",LAW
1739,"McDade, T",LAW
1740,"Aviram, A",LAW
1741,"Davey, W",LAW
1742,"Johnson, E",LAW
1743,"Heald, P",LAW
1744,"Lawless, R",LAW
1745,"Wexler, L",LAW
1746,"Szajna, R",LAW
1747,"Stahl, C",LAW
1748,"Thomas, S",LAW
1749,"Leipold, A",LAW
1750,"Rowell, K",LAW
1751,"Schulte, A",LAW
1752,"Kaplan, R",LAW
1753,"Freyfogle, E",LAW
1754,"Kordik, E",LAW
1755,"Colombo, J",LAW
1756,"Pea, J",LAW
1757,"Sanderson, K",LAW
1758,"Frydman, M",LAW
1759,"Healey, P",LAW
1760,"Kar, R",LAW
1761,"Anderson, S",LAW
1762,"Moritz, S",LAW
1763,"Amar, V",LAW
1764,"Winship, V",LAW
1765,"Ramais, C",LAW
1766,"Vermillion-Hennessey, V",LAW
1767,"Rosenberg, S",LAW
1768,"Safran, D",LAW
1769,"Anderson, K",LAW
1770,"Melbinger, M",LAW
1771,"Mazzone, J",LAW
1772,"Ashby, S",LER
1773,"Sacco, M",LER
1774,"Stewart, B",LER
1775,"Saute, R",LER
1776,"Taylor, D",LER
1777,"Fortado, S",LER
1778,"Bruno, R",LER
1779,"Benton, R",LER
1780,"Forsythe, E",LER
1781,"Lyu, M",LER
1782,"Restubog, S",LER
1783,"Cardador, M",LER
1784,"Weaver, A",LER
1785,"Barker, E",LER
1786,"Leroy, M",LER
1787,"Mun, E",LER
1788,"Jung, J",LER
1789,"Park, Y",LER
1790,"Drasgow, F",LER
1791,"Schultz, J",LER
1792,"Ramsey, K",LER
1793,"Kramer, A",LER
1794,"Headrick, L",LER
1795,"Franz, G",LER
1796,"Bhatt, R",LING
1797,"MacDonald, J",LING
1798,"Shosted, R",LING
1799,"Bottalico, P",LING
1800,"Yoon, H",LING
1801,"Del Pinal, G",LING
1802,"Talic, A",LING
1803,"Abdar, O",LING
1804,"Girju, C",LING
1805,"Schwartz, L",LING
1806,"Montrul, S",LING
1807,"Aronoff, J",LING
1808,"Tang, Y",LING
1809,"Dell, G",LING
1810,"Lasersohn, P",LING
1811,"Cardenas Gonzalez, N",LLS
1812,"Hernandez, C",LLS
1813,"Jegerski, J",LLS
1814,"Inda, J",LLS
1815,"Mena Robles, J",LLS
1816,"Knipp, J",MACS
1817,"Ciafone, A",MACS
1818,"Oyallon-Koloski, J",MACS
1819,"Rosenstein, J",MACS
1820,"Font Bas, V",MACS
1821,"Long, D",MACS
1822,"Heuman, J",MACS
1823,"Reisner, A",MACS
1824,"Muirhead, S",MACS
1825,"Placzek, L",MATH
1826,"Reddy, A",MATH
1827,"Hieronymi, P",MATH
1828,"McCarthy, R",MATH
1829,"Carpenter, B",MATH
1830,"Yu, A",MATH
1831,"Stepanov, A",MATH
1832,"DeVille, L",MATH
1833,"Mineyev, I",MATH
1834,"Kerman, E",MATH
1835,"Rezk, C",MATH
1836,"Tang, S",MATH
1837,"Ford, K",MATH
1838,"Erdogan, M",MATH
1839,"Motakis, P",MATH
1840,"Bronski, J",MATH
1841,"Song, R",MATH
1842,"Balog, J",MATH
1843,"Mortensen, K",MATH
1844,"Loja Fernandes, R",MATH
1845,"Junge, M",MATH
1846,"Kirkpatrick, K",MATH
1847,"Dutta, S",MATH
1848,"Katz, S",MATH
1849,"Kraatz, M",MBA
1850,"Augusto Sampaio Franco de Lima, G",MBA
1851,"Fricke, M",MBA
1852,"Bucheli, M",MBA
1853,"Watkins, R",MBA
1854,"Kieffer, C",MCB
1855,"Alt, R",MCB
1856,"Reedy, M",MCB
1857,"Knox, T",MCB
1858,"Stenger, A",MCB
1859,"Swigart, J",MCB
1860,"Kirchner, N",MCB
1861,"Slauch, J",MCB
1862,"Stubbs, L",MCB
1863,"Good, E",MCB
1864,"Kannanganattu, P",MCB
1865,"Rivier, D",MCB
1866,"Olsen, G",MCB
1867,"Radin, J",MCB
1868,"Morey, J",MCB
1869,"Naidu, S",MCB
1870,"Blanke, S",MCB
1871,"Metcalf, W",MCB
1872,"Ikeda, J",MCB
1873,"Bolton, E",MCB
1874,"Fratti, R",MCB
1875,"Procko, E",MCB
1876,"Levesque, L",MCB
1877,"Nelson, E",MCB
1878,"Tsai, N",MCB
1879,"Kehl-Fie, T",MCB
1880,"Ho, M",MCB
1881,"Kalsotra, A",MCB
1882,"Freund, G",MCB
1883,"Gillette, M",MCB
1884,"Gillette, R",MCB
1885,"Kemper, K",MCB
1886,"Belmont, A",MCB
1887,"Brooke, C",MCB
1888,"Zhao, Y",MCB
1889,"Rhodes, J",MCB
1890,"Hay, J",MDIA
1891,"Layton, R",MDVL
1892,"Philpott, M",ME
1893,"Bentsman, J",ME
1894,"Liebenberg, L",ME
1895,"Flachsbart, B",ME
1896,"Juarez, G",ME
1897,"Chamorro Chavez, L",ME
1898,"Smith, K",ME
1899,"King, W",ME
1900,"Cai, L",ME
1901,"Nam, S",ME
1902,"LaViers Minnick, A",ME
1903,"Shao, C",ME
1904,"Salapaka, S",ME
1905,"Bahl, G",ME
1906,"van der Zande, A",ME
1907,"Mercer, B",ME
1908,"Brewster, M",ME
1909,"Downing, S",ME
1910,"Ferreira, P",ME
1911,"Kapoor, S",ME
1912,"Hovakimyan, N",ME
1913,"Dunn, A",ME
1914,"Kim, S",ME
1915,"Bolmin, O",ME
1916,"Gazzola, M",ME
1917,"Saif, M",ME
1918,"Lee, T",ME
1919,"Chang, W",ME
1920,"Dullerud, G",ME
1921,"Wagoner Johnson, A",ME
1922,"Socie, D",ME
1923,"Ashworth, E",MILS
1924,"Richards, W",MILS
1925,"Soderlind, J",MILS
1926,"Collier, T",MILS
1927,"Silva, R",MILS
1928,"Johnson, D",MILS
1929,"Llano, D",MIP
1930,"Nagel, L",MSE
1931,"Krogstad, J",MSE
1932,"Goodman, M",MSE
1933,"Schleife, A",MSE
1934,"TerBush, J",MSE
1935,"Dillon, S",MSE
1936,"Sottos, N",MSE
1937,"Bellon, P",MSE
1938,"Shoemaker, D",MSE
1939,"Kriven, W",MSE
1940,"Perry, N",MSE
1941,"Maass, C",MSE
1942,"Chen, Q",MSE
1943,"Reifschneider, L",MSE
1944,"Cao, Q",MSE
1945,"Huang, P",MSE
1946,"Braun, P",MSE
1947,"Shim, M",MSE
1948,"Zuo, J",MSE
1949,"Schweizer, K",MSE
1950,"Carrillo, C",MUS
1951,"Livengood, K",MUS
1952,"Taube, H",MUS
1953,"Taylor, S",MUS
1954,"Tharp, R",MUS
1955,"Solya, A",MUS
1956,"Coleman, B",MUS
1957,"Siena, J",MUS
1958,"Harris, D",MUS
1959,"Davis, O",MUS
1960,"Stone, S",MUS
1961,"Herrera, L",MUS
1962,"Redman, Y",MUS
1963,"Tilley, M",MUS
1964,"Tsekouras, I",MUS
1965,"Fairbanks, S",MUS
1966,"Balester, N",MUS
1967,"Cheng, P",MUS
1968,"Helgerman, M",MUS
1969,"Poffenberger, W",MUS
1970,"Kuhn, E",MUS
1971,"Dolney, J",MUS
1972,"Marshall, A",MUS
1973,"Martinez, B",MUS
1974,"Cooper, A",MUS
1975,"Flores, R",MUS
1976,"Stephens, J",MUS
1977,"Gray, L",MUS
1978,"Rebone, C",MUS
1979,"Guzman Borrero, J",MUS
1980,"Devey, E",MUS
1981,"McNeill, C",MUS
1982,"Bridgewater, R",MUS
1983,"Hickey, J",MUS
1984,"Pugh, J",MUS
1985,"Spencer, J",MUS
1986,"Reeder, K",MUS
1987,"Copeland, J",MUS
1988,"Carrillo, T",MUS
1989,"Niemeyer, F",MUS
1990,"Cordoba, D",MUS
1991,"Tsitsaros, C",MUS
1992,"Sanchez Portuguez, G",MUS
1993,"Yeung, A",MUS
1994,"Moersch, C",MUS
1995,"Ehlen, T",MUS
1996,"Sennet, R",MUS
1997,"Heiles, W",MUS
1998,"Rho, S",MUS
1999,"Gunn, N",MUS
2000,"Stenzel, K",MUS
2001,"McAdow, L",MUS
2002,"Malecki, J",MUS
2003,"Wigley, S",MUS
2004,"Robinson, D",MUS
2005,"Milenkovich, S",MUS
2006,"Haken, R",MUS
2007,"Lee, N",MUS
2008,"Freivogel, M",MUS
2009,"Kim, G",MUS
2010,"Lee, J",MUS
2011,"Lee, W",MUS
2012,"Cameron, M",MUS
2013,"Freivogel, E",MUS
2014,"McCarthy, D",MUS
2015,"Kouzov, D",MUS
2016,"McDonough, D",MUS
2017,"Sandman, E",MUS
2018,"Keeble, J",MUS
2019,"Harris, J",MUS
2020,"Minor, J",MUS
2021,"Dee, J",MUS
2022,"McGovern, T",MUS
2023,"Richtmeyer, D",MUS
2024,"Augustine, S",MUS
2025,"Romm, R",MUS
2026,"Daval, C",MUS
2027,"Scully, B",MUS
2028,"Chasanov, E",MUS
2029,"Moore, M",MUS
2030,"Moersch, W",MUS
2031,"Busath, S",MUS
2032,"Kruse, A",MUS
2033,"Carter, P",MUS
2034,"Loman, T",MUS
2035,"Messina, A",MUS
2036,"Houser, B",MUS
2037,"Vanegas Ruiz, N",MUS
2038,"McCall, J",MUS
2039,"Ahn, Y",MUS
2040,"Schleicher, D",MUS
2041,"Sugg, W",MUS
2042,"Thompson, T",MUS
2043,"Muti, N",MUS
2044,"Asnawa, I",MUS
2045,"Megill, A",MUS
2046,"Carrasquillo, B",MUS
2047,"Nutting, D",MUS
2048,"Peterson, S",MUS
2049,"Eagen, M",MUS
2050,"Sweet, B",MUS
2051,"Gallo, D",MUS
2052,"Nichols, J",MUS
2053,"Lund, E",MUS
2054,"Fieldsteel, E",MUS
2055,"Takao, M",MUS
2056,"Ramirez, C",MUS
2057,"Robards, C",MUS
2058,"Hobson, I",MUS
2059,"Finkelman, J",MUS
2060,"Bryant, B",MUS
2061,"Bostwick, T",MUS
2062,"Duncan, G",MUS
2063,"Siletti, M",MUS
2064,"Bashford, C",MUS
2065,"Magee, G",MUS
2066,"Barrett, J",MUS
2067,"Alwes, C",MUS
2068,"Gulley, J",NEUR
2069,"Pfeiffer, J",NEUR
2070,"Hinman, J",NEUR
2071,"Egan, M",NEUR
2072,"Mostame, P",NEUR
2073,"Sadaghiani, S",NEUR
2074,"Beshers, S",NEUR
2075,"Simons, D",NEUR
2076,"Liang, N",NEUR
2077,"Hunter, C",NEUR
2078,"Benjamin, A",NEUR
2079,"Todd, N",NEUR
2080,"Fisher, C",NEUR
2081,"Hankin, B",NEUR
2082,"Wickesberg, R",NEUR
2083,"Newman, D",NEUR
2084,"Montag, J",NEUR
2085,"Cheng, J",NEUR
2086,"Meline, B",NPRE
2087,"Ragheb, M",NPRE
2088,"Huff, K",NPRE
2089,"Curreli, D",NPRE
2090,"Meng, L",NPRE
2091,"Roy, W",NPRE
2092,"Di Fulvio, A",NPRE
2093,"Stubbins, J",NPRE
2094,"Kim, K",NPRE
2095,"Brooks, C",NPRE
2096,"Mohaghegh, Z",NPRE
2097,"Ward, M",NRES
2098,"Ugarte, C",NRES
2099,"Fraterrigo, J",NRES
2100,"Hodson, P",NRES
2101,"Arai, Y",NRES
2102,"Hayek, J",NRES
2103,"Crawford, J",NRES
2104,"Guyon, L",NRES
2105,"Sloan, J",NRES
2106,"Kuo, M",NRES
2107,"Enos, J",NRES
2108,"Miller, J",NRES
2109,"Yannarell, A",NRES
2110,"Wander, M",NRES
2111,"Allan, K",NRES
2112,"Kent, A",NRES
2113,"Matthews, J",NRES
2114,"Gracon, R",NRES
2115,"Stodola, K",NRES
2116,"Parkos, J",NRES
2117,"Benson, T",NRES
2118,"Chini, C",NRES
2119,"Johnson, M",NRES
2120,"Held, B",NS
2121,"Frey, A",NS
2122,"Corapi, A",NS
2123,"Meaney, D",NS
2124,"DeArmon, C",NS
2125,"Demejia, E",NUTR
2126,"Smith, R",PATH
2127,"Roady, P",PATH
2128,"Fredrickson, R",PATH
2129,"Hsiao, S",PATH
2130,"LoBato, D",PATH
2131,"Samuelson, J",PATH
2132,"Vieson, M",PATH
2133,"Barger, A",PATH
2134,"Connolly, S",PATH
2135,"Kinsel, M",PATH
2136,"Schnelle, A",PATH
2137,"Colegrove-Calvey, K",PATH
2138,"Delaney, M",PATH
2139,"Landolfi, J",PATH
2140,"Terio, K",PATH
2141,"Yoo, D",PATH
2142,"Dastgheib, Z",PERS
2143,"Weinberg, S",PHIL
2144,"Levinstein, B",PHIL
2145,"Livengood, J",PHIL
2146,"Sussman, D",PHIL
2147,"Varden, H",PHIL
2148,"Newman, A",PHIL
2149,"Ben Moshe, N",PHIL
2150,"Weaver, C",PHIL
2151,"Saenz, N",PHIL
2152,"Savonius-Wroth, S",PHIL
2153,"Kishida, K",PHIL
2154,"Willenbrock, S",PHYS
2155,"Leite Noronha, J",PHYS
2156,"MacDougall, G",PHYS
2157,"Schulte, E",PHYS
2158,"Chemla, Y",PHYS
2159,"Nayfeh, M",PHYS
2160,"Gadway, B",PHYS
2161,"Noronha-Hostler, J",PHYS
2162,"Selen, M",PHYS
2163,"Stelzer, T",PHYS
2164,"Sickles, A",PHYS
2165,"Phillips, P",PHYS
2166,"Doolittle, B",PHYS
2167,"Khader, M",PHYS
2168,"Mirasola, A",PHYS
2169,"Raghavan, A",PHYS
2170,"McKay, R",PHYS
2171,"Rhyno, B",PHYS
2172,"Townsend, A",PHYS
2173,"Troyer, L",PHYS
2174,"Xu, D",PHYS
2175,"Birchmier, R",PHYS
2176,"Yin, S",PHYS
2177,"Shankla, M",PHYS
2178,"Gysbers, D",PHYS
2179,"Lahert, S",PHYS
2180,"Petersen, E",PHYS
2181,"Wagner, L",PHYS
2182,"Bradlyn, B",PHYS
2183,"Dahmen, K",PHYS
2184,"Chang, Y",PHYS
2185,"Mickalide, H",PHYS
2186,"Agrawal, S",PHYS
2187,"Yuan, J",PHYS
2188,"Meredith, L",PHYS
2189,"Basa, B",PHYS
2190,"Padavic, K",PHYS
2191,"Shim, J",PHYS
2192,"Velkovsky, I",PHYS
2193,"Lu, K",PHYS
2194,"Neubauer, M",PHYS
2195,"Song, X",PHYS
2196,"Zhang, S",PHYS
2197,"Olivares Rodriguez, J",PHYS
2198,"Ganesan, V",PHYS
2199,"Prather, B",PHYS
2200,"Chalise, D",PHYS
2201,"Hooberman, B",PHYS
2202,"Kochkov, D",PHYS
2203,"Bandak, D",PHYS
2204,"Adeyinka, A",PHYS
2205,"Luo, K",PHYS
2206,"Yoritomo, J",PHYS
2207,"Baser, C",PHYS
2208,"Villotti, M",PHYS
2209,"Lundsgaard, M",PHYS
2210,"Holder, G",PHYS
2211,"Velury, S",PHYS
2212,"Coleman, J",PHYS
2213,"Golding, I",PHYS
2214,"Karydas, M",PHYS
2215,"Gollin, G",PHYS
2216,"Filippini, J",PHYS
2217,"Slattery, L",PHYS
2218,"Kish, L",PHYS
2219,"Sickle, J",PHYS
2220,"Bezryadin, A",PHYS
2221,"Birnbaum, R",PHYS
2222,"Lam, A",PHYS
2223,"Russ, P",PHYS
2224,"Colla, E",PHYS
2225,"Lorenz, V",PHYS
2226,"Giannetta, R",PHYS
2227,"Shelton, J",PHYS
2228,"Claes, J",PHYS
2229,"Eckstein, J",PHYS
2230,"Passias, V",PHYS
2231,"Abbamonte, P",PHYS
2232,"Pathak, S",PHYS
2233,"El-Khadra, A",PHYS
2234,"Makins, N",PHYS
2235,"Villalonga Correa, B",PHYS
2236,"Packard, D",PHYS
2237,"Beck, D",PHYS
2238,"May-Mann, J",PHYS
2239,"Hughes, T",PHYS
2240,"Madhavan, V",PHYS
2241,"Clark, B",PHYS
2242,"Kuehn, S",PHYS
2243,"Selvin, P",PHYS
2244,"Goldenfeld, N",PHYS
2245,"Stone, M",PHYS
2246,"Yunes, N",PHYS
2247,"Kahn, Y",PHYS
2248,"Leigh, R",PHYS
2249,"Fradkin, E",PHYS
2250,"Gammie, C",PHYS
2251,"Cooper, S",PHYS
2252,"Mideros Mora, S",PLPA
2253,"Hutchens, J",POL
2254,"Goebel, R",PORT
2255,"Karam, J",PORT
2256,"Goodman, G",PORT
2257,"Ksiazkiewicz, A",PS
2258,"Sin, G",PS
2259,"Hinchliffe, J",PS
2260,"Pahre, R",PS
2261,"Grossman, N",PS
2262,"Ashley, J",PS
2263,"Miller, B",PS
2264,"Prorok, A",PS
2265,"Vasquez, J",PS
2266,"Frost, S",PS
2267,"Seitz, S",PS
2268,"Uribe-McGuire, A",PS
2269,"Henehan, M",PS
2270,"Wong, C",PS
2271,"Leff, C",PS
2272,"Dai, X",PS
2273,"Thomas-Ward, J",PS
2274,"Althaus, S",PS
2275,"Kuklinski, J",PS
2276,"Carroll, R",PS
2277,"Bowers, J",PS
2278,"Winters, M",PS
2279,"Bosecker, N",PSM
2280,"Conerty, B",PSM
2281,"Davidson, P",PSM
2282,"Travis, L",PSYC
2283,"Srull, T",PSYC
2284,"Wszalek, G",PSYC
2285,"Lucas, S",PSYC
2286,"Laurent, S",PSYC
2287,"Baillargeon, R",PSYC
2288,"Hyde, D",PSYC
2289,"Pomerantz, E",PSYC
2290,"Rudolph, K",PSYC
2291,"Lleras, A",PSYC
2292,"Lyubansky, M",PSYC
2293,"Aber, M",PSYC
2294,"Briskin, J",PSYC
2295,"Sahakyan, L",PSYC
2296,"Light Shriner, C",PSYC
2297,"Shenouda, C",PSYC
2298,"Cohen, J",PSYC
2299,"Allen, N",PSYC
2300,"Menard, C",PSYC
2301,"Fairbairn, C",PSYC
2302,"Chong, J",PSYC
2303,"Berenbaum, H",PSYC
2304,"Dolcos, F",PSYC
2305,"Lleras Buetti, S",PSYC
2306,"Wang, R",PSYC
2307,"Derringer, J",PSYC
2308,"Morales, N",PSYC
2309,"Hummel, J",PSYC
2310,"Chan, S",PSYC
2311,"Karan, A",PSYC
2312,"O'Brien, T",PSYC
2313,"Kwapil, T",PSYC
2314,"Tancredy, C",PSYC
2315,"Fraley, R",PSYC
2316,"Briley, D",PSYC
2317,"Gratton, G",PSYC
2318,"Cohen, D",PSYC
2319,"Heller, W",PSYC
2320,"Kosciulek, J",REHB
2321,"Dann, M",REL
2322,"Rosenstock, B",REL
2323,"Flanagan, R",RHET
2324,"Shinew, K",RST
2325,"Pyrz, P",RST
2326,"Milazzo, L",RST
2327,"Hardin, D",RST
2328,"Wheeler, S",RST
2329,"Morris, L",RST
2330,"Woolf, J",RST
2331,"Choi, W",RST
2332,"Lefevour, K",RST
2333,"Emkes, K",RST
2334,"Berdychevsky Kustanovich, Y",RST
2335,"Liechty, T",RST
2336,"Welty-Peachey, J",RST
2337,"Payne, L",RST
2338,"Huang, Z",RST
2339,"Tempest, R",RUSS
2340,"Orengo, S",RUSS
2341,"Fedjanina, M",RUSS
2342,"Brusi, F",SCAN
2343,"Goldstein, M",SE
2344,"Wildblood, H",SE
2345,"Gustafson, J",SE
2346,"Krishnan, G",SE
2347,"Reis, H",SE
2348,"Barich, J",SE
2349,"Wang, P",SE
2350,"Allison, J",SE
2351,"Almeida de Souza Ramos, J",SE
2352,"Norris, W",SE
2353,"Stipanovic, D",SE
2354,"Berg, B",SHS
2355,"Wachtel, J",SHS
2356,"Ritten, K",SHS
2357,"Chambers, R",SHS
2358,"Channell, M",SHS
2359,"Flaherty, M",SHS
2360,"Monson, B",SHS
2361,"Hahn, L",SHS
2362,"Lawrence, A",SHS
2363,"Reidy, B",SHS
2364,"Mendes, C",SHS
2365,"Harper, D",SHS
2366,"Dahman, J",SHS
2367,"Ishikawa, K",SHS
2368,"Mertes, I",SHS
2369,"Brown, M",SHS
2370,"Hengst, J",SHS
2371,"Hadley, P",SHS
2372,"Childress, M",SHS
2373,"Heuer, J",SHS
2374,"Husain, F",SHS
2375,"Mudar, R",SHS
2376,"Steward, D",SOC
2377,"Clarke, C",SOC
2378,"Mendenhall, R",SOC
2379,"McNulty, D",SOC
2380,"Peach, M",SOC
2381,"Atiles Osoria, J",SOC
2382,"Leicht, K",SOC
2383,"Akresh, I",SOC
2384,"Liao, T",SOC
2385,"Bayat, A",SOC
2386,"Liechty, J",SOCW
2387,"Wade, R",SOCW
2388,"Bennett, K",SOCW
2389,"Earls Larrison, T",SOCW
2390,"Garthe, R",SOCW
2391,"Andrade, F",SOCW
2392,"Lough, B",SOCW
2393,"Carter-Black, J",SOCW
2394,"Clary, K",SOCW
2395,"Goffnett, J",SOCW
2396,"McDonald, H",SOCW
2397,"Crowell, D",SOCW
2398,"Wilson Smith, C",SOCW
2399,"Bragg, M",SOCW
2400,"Candler, D",SOCW
2401,"Schneider, W",SOCW
2402,"Wegmann, K",SOCW
2403,"Mauck, C",SOCW
2404,"Piedra, L",SOCW
2405,"Munoz-Najar, J",SOCW
2406,"Rice, K",SOCW
2407,"Faulkner, S",SOCW
2408,"Harden, K",SOCW
2409,"Leytham Powell, T",SOCW
2410,"Tan, K",SOCW
2411,"Lindsey, B",SOCW
2412,"Shea, T",SOCW
2413,"Cintron, V",SOCW
2414,"McKean, T",SOCW
2415,"Larrison, C",SOCW
2416,"Tabb, K",SOCW
2417,"Havlicek, J",SOCW
2418,"Zhan, M",SOCW
2419,"Cohen, E",SOCW
2420,"Clapper, D",SOCW
2421,"Escobar-Sawicki, C",SOCW
2422,"Maurer, M",SOCW
2423,"Ackerson, B",SOCW
2424,"Weiss, L",SOCW
2425,"Ostler, T",SOCW
2426,"Dunlap Johnson, K",SOCW
2427,"Golden, M",SOCW
2428,"Kopels, S",SOCW
2429,"Waters, M",SPAN
2430,"Carollo, B",SPAN
2431,"Henshaw, F",SPAN
2432,"Abbott, A",SPAN
2433,"Goldman, D",SPAN
2434,"Martinez-Quiroga, P",SPAN
2435,"Melendez, M",SPAN
2436,"Fornoff, C",SPAN
2437,"Escobar, A",SPAN
2438,"Tolliver, J",SPAN
2439,"Irigoyen Garcia, J",SPAN
2440,"Bentz, J",SPED
2441,"Carey, Y",SPED
2442,"Shriner, J",SPED
2443,"Meadan-Kaplansky, H",SPED
2444,"Wolowiec-Fisher, K",SPED
2445,"Ostrosky, M",SPED
2446,"Hardy, J",SPED
2447,"Dymond, S",SPED
2448,"Findley, K",STAT
2449,"Fireman, E",STAT
2450,"Eck, D",STAT
2451,"Park, T",STAT
2452,"Bravo De Guenni, L",STAT
2453,"Balamuta, J",STAT
2454,"Linville, C",STAT
2455,"Chatterjee, S",STAT
2456,"Shao, X",STAT
2457,"Ewoldt, R",TAM
2458,"Koon, S",TE
2459,"Sorkin, H",TE
2460,"Jahnke, K",TE
2461,"Singer, A",TE
2462,"Taylor, J",TE
2463,"Henderson, A",TE
2464,"Switzky, R",TE
2465,"Lilly, B",TE
2466,"Chopra, S",TE
2467,"Hittman, S",THEA
2468,"Mitchell, T",THEA
2469,"Batson, K",THEA
2470,"Hosseinzadeh Salmasi, K",THEA
2471,"Radice, T",THEA
2472,"Scheier, J",THEA
2473,"Burditt, B",THEA
2474,"Miller, T",THEA
2475,"Steinrock, J",THEA
2476,"Hernandez, E",THEA
2477,"Fox, R",THEA
2478,"Higgins, C",THEA
2479,"Jenkins, J",THEA
2480,"Morrill, A",THEA
2481,"Ramsey, N",THEA
2482,"Rivera, D",THEA
2483,"Toruno, A",THEA
2484,"Yoerges, D",THEA
2485,"Carlson, V",THEA
2486,"Kipp, D",THEA
2487,"Frydrychowski, D",THEA
2488,"Moran, T",THEA
2489,"Odom, M",THEA
2490,"Goodell, E",THEA
2491,"Diaz-Soto, J",THEA
2492,"Dominguez, H",THEA
2493,"Scholwin, R",THEA
2494,"Anderson, R",THEA
2495,"LaBau, A",THEA
2496,"Kaczmarowski, R",THEA
2497,"Donley, A",THEA
2498,"Boesche, J",THEA
2499,"Murray, B",THEA
2500,"Perry, R",THEA
2501,"Kocher, C",THEA
2502,"Griggs, J",THEA
2503,"Stewart, A",THEA
2504,"Rainwater, C",THEA
2505,"Lin, E",THEA
2506,"Munoz, A",THEA
2507,"Steinrock, Z",THEA
2508,"Robinson, V",THEA
2509,"Moody, A",THEA
2510,"Spridco, J",THEA
2511,"Maslova, O",THEA
2512,"Dixon, L",THEA
2513,"Bouck, A",THEA
2514,"Kidd, L",THEA
2515,"Williams, M",THEA
2516,"Rundell, J",THEA
2517,"Schultz, R",THEA
2518,"Arevalo, D",THEA
2519,"Bernstein, T",THEA
2520,"Curtis, K",THEA
2521,"Dietrich, M",THEA
2522,"Sturgis, N",THEA
2523,"Reimer, M",THEA
2524,"Warburton, K",TRST
2525,"Jenkins, R",TRST
2526,"Pagura, R",TRST
2527,"Raveendran Nair, G",TSM
2528,"Onstad, N",TSM
2529,"Hansen, A",TSM
2530,"Kuhns, B",TSM
2531,"Gates, R",TSM
2532,"Rausch, K",TSM
2533,"Aherin, R",TSM
2534,"Thissen, J",TSM
2535,"Tian, L",TSM
2536,"Ozcan, A",TURK
2537,"Allred, D",UP
2538,"Salo, K",UP
2539,"Miraftab, F",UP
2540,"Braun, L",UP
2541,"Balachandran, S",UP
2542,"Schneider, D",UP
2543,"Greenlee, A",UP
2544,"Lee, B",UP
2545,"Rost, C",UP
2546,"Kowalski, R",UP
2547,"Novak, A",UP
2548,"Hossain Shubho, M",UP
2549,"Barajas, J",UP
2550,"Sarmiento, H",UP
2551,"Kennedy, S",UP
2552,"Doussard, M",UP
2553,"Hooker, J",UP
2554,"Chakraborty, A",UP
2555,"Langan, J",VCM
2556,"Austin, S",VCM
2557,"Gutierrez Nibeyro, S",VCM
2558,"Tonozzi, C",VCM
2559,"Lima, F",VCM
2560,"Reinhart Dungar, J",VCM
2561,"Aldridge, B",VCM
2562,"Harper, T",VCM
2563,"McCoy, A",VCM
2564,"Ridgway, M",VCM
2565,"Pieper, J",VCM
2566,"Keating, S",VCM
2567,"Williams, D",VCM
2568,"Hague, D",VCM
2569,"Foss, K",VCM
2570,"Fleming, K",VCM
2571,"Wilkins, P",VCM
2572,"Foreman, J",VCM
2573,"Keller, K",VCM
2574,"Cappa, A",VCM
2575,"Knap, K",VCM
2576,"Martins, B",VCM
2577,"Lowe, J",VCM
2578,"Sander, S",VCM
2579,"Davila, J",VM
2580,"Hexum, S",VM
2581,"Ko, C",VM
2582,"Lowery, T",VM
2583,"Sprandel, I",VM
2584,"Ballantyne, K",VM
2585,"Biehl, M",VM
2586,"Constable, P",VM
2587,"Eubig, P",VM
2588,"French, D",VM
2589,"Fries, R",VM
2590,"Hoien-Dalen, P",VM
2591,"Inoue, M",VM
2592,"Mei, W",VM
2593,"Vitt, J",VM
2594,"Aldridge, R",VM
2595,"Bagchi, I",VM
2596,"Brummet, G",VM
2597,"Frederico Canisso, I",VM
2598,"Garrett, E",VM
2599,"McNeil, L",VM
2600,"Miller, S",VM
2601,"Spinella, M",VM
2602,"Agapis, D",VM
2603,"Fadl-Alla, B",VM
2604,"Fan, T",VM
2605,"Firkins, L",VM
2606,"Garrett, L",VM
2607,"Graham, L",VM
2608,"Grossman, B",VM
2609,"Hartman, S",VM
2610,"Johnson-Walker, Y",VM
2611,"Kling, K",VM
2612,"Maddox, C",VM
2613,"Madsen, L",VM
2614,"Marshall, T",VM
2615,"McMichael, M",VM
2616,"Mitek, A",VM
2617,"Phillips, H",VM
2618,"Spinella, S",VM
2619,"Sullivan, D",VM
2620,"Wagner, S",VM
2621,"Welle, K",VM
2622,"Whittington, J",VM
2623,"Rosser, M",VM
2624,"Sander, W",VM
2625,"Knapp, K",VM
2626,"Allison, S",VM
2627,"Belding, S",VM
2628,"Criley, J",VM
2629,"Goodly, L",VM
2630,"Herrmann, J",VM
2631,"Poll, C",VM
2632,"Somrak, A",VM
2633,"Miller, G",VM
2634,"Hoyer, L",VM
2635,"Wismer, T",VM
2636,"Hamel, L",YDSH
